name,party,ideology1,ideology2
SANDERS,I,-0.717,0.672
WARREN,D,-0.702,0.192
MURPHY,D,-0.549,-0.01
HIRONO,D,-0.547,0.127
MARKEY,D,-0.54,-0.326
WHITEHOUSE,D,-0.507,0.052
SCHATZ,D,-0.5,0.156
HARKIN,D,-0.493,0.117
BROWN,D,-0.49,0.145
BALDWIN,D,-0.487,-0.005
DURBIN,D,-0.48,-0.019
GILLIBRAND,D,-0.475,0.02
LAUTENBERG,D,-0.473,-0.296
BOOKER,D,-0.472,-0.298
BOXER,D,-0.468,-0.119
REED,D,-0.467,-0.098
FRANKEN,D,-0.466,0.122
BLUMENTHAL,D,-0.455,-0.093
COWAN,D,-0.442,0.268
MENENDEZ,D,-0.438,-0.223
CARDIN,D,-0.436,-0.036
LEVIN  CARL,D,-0.434,0.216
LEAHY,D,-0.427,0.057
MERKLEY,D,-0.419,-0.286
SCHUMER,D,-0.414,-0.127
REID,D,-0.41,0.573
MIKULSKI,D,-0.405,0.121
UDALL,D,-0.404,0.04
ROCKEFELLER,D,-0.38,0.331
STABENOW,D,-0.374,0.381
WYDEN,D,-0.37,-0.235
MURRAY,D,-0.369,-0.065
FEINSTEIN,D,-0.351,-0.121
CASEY,D,-0.342,0.364
CANTWELL,D,-0.342,-0.229
COONS,D,-0.336,-0.057
JOHNSON,D,-0.329,0.464
SHAHEEN,D,-0.324,-0.226
WALSH,D,-0.316,0.647
KAINE,D,-0.307,0.175
HEINRICH,D,-0.304,0.097
UDALL,D,-0.277,-0.102
KLOBUCHAR,D,-0.277,0.026
BEGICH,D,-0.272,0.342
CARPER,D,-0.264,-0.059
MCCASKILL,D,-0.261,0.918
TESTER,D,-0.26,0.485
NELSON,D,-0.258,0.057
BENNET,D,-0.256,-0.047
WARNER,D,-0.25,-0.002
HEITKAMP,D,-0.249,0.658
HAGAN,D,-0.236,0.356
LANDRIEU,D,-0.231,0.558
KING,I,-0.23,-0.217
DONNELLY,D,-0.224,0.455
PRYOR,D,-0.199,0.547
BAUCUS,D,-0.184,0.316
MANCHIN,D,-0.087,0.458
COLLINS,R,0.037,-0.438
MURKOWSKI,R,0.107,-0.432
KIRK,R,0.324,-0.897
ALEXANDER,R,0.357,-0.141
AYOTTE,R,0.369,-0.581
CHIESA,R,0.374,0.13
COCHRAN,R,0.377,-0.038
HATCH,R,0.39,-0.237
MCCAIN,R,0.397,-1.148
GRAHAM,R,0.4,-0.422
CORKER,R,0.401,-0.427
FLAKE,R,0.404,-0.714
HELLER,R,0.409,-0.614
ISAKSON,R,0.427,0.163
HOEVEN,R,0.43,0.368
PORTMAN,R,0.442,-0.104
CHAMBLISS,R,0.476,0.052
COATS,R,0.478,-0.475
WICKER,R,0.483,0.273
JOHANNS,R,0.493,0.197
BLUNT,R,0.507,0.632
GRASSLEY,R,0.513,-0.266
BURR,R,0.527,-0.185
BOOZMAN,R,0.566,0.389
TOOMEY,R,0.566,-0.53
MCCONNELL,R,0.572,-0.178
RUBIO,R,0.582,-0.623
FISCHER,R,0.587,0.311
THUNE,R,0.595,0.151
CORNYN,R,0.603,-0.207
MORAN,R,0.617,0.452
ROBERTS,R,0.655,0.416
VITTER,R,0.67,0.398
SESSIONS,R,0.673,-0.031
BARASSO,R,0.68,0.228
JOHNSON,R,0.687,-0.419
COBURN,R,0.692,-0.402
SHELBY,R,0.7,0.447
ENZI,R,0.715,0.344
SCOTT,R,0.733,-0.044
INHOFE,R,0.774,0.273
RISCH,R,0.792,0.437
CRAPO,R,0.805,0.49
CRUZ,R,0.878,-0.365
PAUL,R,0.951,-0.309
LEE,R,0.973,-0.23